name,name_atf,cdel_per_year_4yr,rdel_per_year_3yr,total_over_4yr
Bedford,Bedford Unitary Authority,232110.0,72826.0,1146917.0
Blackburn with Darwen,Blackburn with Darwen Unitary Authority,514912.0,161558.0,2544323.0
Blackpool,Blackpool Unitary Authority,176123.0,55260.0,870272.0
"Bournemouth, Christchurch and Poole","Bournemouth, Christchurch & Poole Unitary Authority",2249725.0,705869.0,11116505.0
Bracknell Forest,Bracknell Forest Unitary Authority,156406.0,49074.0,772844.0
Brighton and Hove,Brighton and Hove Unitary Authority,918448.0,288170.0,4538302.0
Buckinghamshire,Buckinghamshire Unitary Authority,1845501.0,579040.0,9119124.0
Cambridgeshire and Peterborough Combined Authority,Cambridgeshire & Peterborough Combined Authority,5042262.0,1582049.0,24915193.0
Central Bedfordshire,Central Bedfordshire Unitary Authority,369280.0,115865.0,1824716.0
Cheshire East,Cheshire East Unitary Authority,1331230.0,417684.0,6577971.0
Cheshire West and Chester,Cheshire West and Chester Unitary Authority,1188880.0,373020.0,5874580.0
Cornwall,Cornwall Unitary Authority,714730.0,224252.0,3531678.0
Cumberland,Cumberland Council,910076.0,285543.0,4496932.0
Derby,Derby Unitary Authority,326291.0,102376.0,1612294.0
Derbyshire,Derbyshire County Council,1324235.0,415489.0,6543408.0
Devon,Devon County Council,2706944.0,849325.0,13375751.0
Dorset,Dorset Unitary Authority,476427.0,149483.0,2354155.0
East Riding of Yorkshire,East Riding of Yorkshire Unitary Authority,1140500.0,357841.0,5635523.0
East Sussex,East Sussex County Council,683385.0,214417.0,3376793.0
Essex,Essex County Council,5006620.0,1570866.0,24739079.0
Gloucestershire,Gloucestershire County Council,3635841.0,1140773.0,17965685.0
Greater Manchester Combined Authority,Greater Manchester Combined Authority,7168137.0,2249059.0,35419725.0
Hampshire,Hampshire County Council,4673766.0,1466430.0,23094356.0
Herefordshire,Herefordshire Unitary Authority,234354.0,73530.0,1158006.0
Hertfordshire,Hertfordshire County Council,3990486.0,1252046.0,19718081.0
Isle of Wight,Isle of Wight Unitary Authority,176042.0,55234.0,869870.0
Isles of Scilly,Isles of Scilly,20000.0,20000.0,140000.0
Kent,Kent County Council,5246504.0,1646131.0,25924411.0
Kingston upon Hull,Kingston upon Hull Unitary Authority,332947.0,104465.0,1645184.0
Lancashire,Lancashire County Council,4108194.0,1288978.0,20299711.0
Leicester,Leicester Unitary Authority,2058039.0,645726.0,10169331.0
Leicestershire,Leicestershire County Authority,890363.0,279358.0,4399529.0
Lincolnshire,Lincolnshire County Council,961463.0,301666.0,4750851.0
Liverpool City Region Combined Authority,Liverpool City Region Combined Authority,2578720.0,809093.0,12742158.0
Luton,Luton Unitary Authority,280922.0,88141.0,1388110.0
Medway,Medway Unitary Authority,349646.0,109704.0,1727695.0
Milton Keynes,Milton Keynes Unitary Authority,957890.0,300545.0,4733197.0
Norfolk,Norfolk County Council,3052372.0,957705.0,15082603.0
North East Combined Authority,North East CA,3271504.0,1026460.0,16165396.0
North East Lincolnshire,North East Lincolnshire Unitary Authority,196419.0,61628.0,970558.0
North Lincolnshire,North Lincolnshire Council,212341.0,66624.0,1049236.0
North Northamptonshire,North Northamptonshire Council,450298.0,141285.0,2225048.0
North Somerset,North Somerset Unitary Authority,271641.0,85230.0,1342255.0
North Yorkshire,North Yorkshire County Council,773253.0,242614.0,3820857.0
Nottingham,Nottingham Unitary Authority,798600.0,250567.0,3946099.0
Nottinghamshire,Nottinghamshire County Council,1373110.0,430824.0,6784912.0
Oxfordshire,Oxfordshire County Council,4085118.0,1281738.0,20185686.0
Plymouth,Plymouth Unitary Authority,879870.0,276066.0,4347677.0
Portsmouth,Portsmouth Unitary Authority,258433.0,81085.0,1276988.0
Reading,Reading Unitary Authority,575563.0,180587.0,2844014.0
Rutland,Rutland Unitary Authority,51706.0,16223.0,255493.0
Shropshire,Shropshire Unitary Authority,405735.0,127302.0,2004847.0
Slough,Slough Unitary Authority,197783.0,62056.0,977301.0
Somerset,Somerset County Council,1904869.0,597667.0,9412476.0
South Yorkshire Combined Authority,South Yorkshire Combined Authority,3434099.0,1077475.0,16968822.0
Southampton,Southampton Unitary Authority,821802.0,257847.0,4060747.0
Southend-on-Sea,Southend-on-Sea Unitary Authority,225662.0,70803.0,1115058.0
Staffordshire,Staffordshire County Council,1096887.0,344157.0,5420018.0
Stoke-on-Trent,Stoke-on-Trent Unitary Authority,322419.0,101161.0,1593160.0
Suffolk,Suffolk County Council,2537220.0,796072.0,12537098.0
Surrey,Surrey County Council,4007091.0,1257256.0,19800132.0
Swindon,Swindon Unitary Authority,292026.0,91625.0,1442980.0
Tees Valley Combined Authority,Tees Valley Combined Authority,847382.0,265873.0,4187144.0
Telford and Wrekin,Telford and Wrekin Unitary Authority,617681.0,193802.0,3052129.0
Thurrock,Thurrock Unitary Authority,219791.0,68961.0,1086046.0
Torbay,Torbay Unitary Authority,174239.0,54669.0,860961.0
Warrington,Warrington Unitary Authority,702053.0,220274.0,3469034.0
Warwickshire,Warwickshire County Council,1991397.0,624816.0,9840039.0
West Berkshire,West Berkshire Unitary Authority,202251.0,63458.0,999379.0
West Midlands Combined Authority,West Midlands Combined Authority,7287453.0,2286495.0,36009295.0
West Northamptonshire,West Northamptonshire Unitary Authority,532867.0,167191.0,2633042.0
West of England Combined Authority,West of England Combined Authority,2384748.0,748233.0,11783694.0
West Sussex,West Sussex County Authority,1105882.0,346979.0,5464466.0
West Yorkshire Combined Authority,West Yorkshire Combined Authority,5872649.0,1842589.0,29018362.0
Westmorland and Furness,Westmorland and Furness Council,754497.0,236729.0,3728176.0
Wiltshire,Wiltshire Unitary Authority,641510.0,201279.0,3169878.0
Windsor and Maidenhead,Windsor and Maidenhead Unitary Authority,192325.0,60344.0,950332.0
Wokingham,Wokingham Unitary Authority,592178.0,185800.0,2926114.0
Worcestershire,Worcestershire County Authority,755885.0,237165.0,3735036.0
York,City of York Unitary Authority,251991.0,79064.0,1245154.0
