source_tag,report_name,local_authority_name,combined_authority_name,region,doc_type,date_published,mentions_pct,n_mentions_pct,pct_term_breakdown,n_screenshots_pct,pct_usage_depth,has_text_layer,pct_scenarios_used,desire_lines_used,prioritisation_integration,how_pct_was_used,specific_evidence_of_impact,quotes_on_using_pct,other_tools_used,length_of_network_km,total_cost_pounds,routes,pdf_url,download_status
2026,Liverpool City Region Combined Authority Local Cycling and Walking Infrastructure Plan (LCWIP),"Halton, Knowsley, Liverpool, Sefton, St Helens, Wirral",Liverpool City Region Combined Authority,North West,LCWIP,2019,True,6.0,"{""pct"": 5, ""propensity_to_cycle_tool"": 1, ""pct_bike"": 0}",,,True,Government Target; Go Dutch,True,True,"Used to identify existing patterns of walking and cycling, potential new journeys, and to highlight areas with low current cycling levels but high opportunity for change when compared against various scenarios.",Phase 1 funding of £16.7m is successfully secured.,,Route Selection Tool (RST); Walkability Tool; Walking Audit Methodology for Liverpool City Region; Active Mode Appraisal Tool (AMAT),600.0,250000000.0,31.0,https://api.liverpoolcityregion-ca.gov.uk/wp-content/uploads/2023/09/LCR-LCWIP-Final.pdf,ok
2026,Warwickshire Local Cycling and Walking Infrastructure Plan | PART 1,Warwickshire,,West Midlands,LCWIP,February 2024,True,2.0,"{""pct"": 1, ""propensity_to_cycle_tool"": 1, ""pct_bike"": 0}",,,True,,False,False,The Propensity to Cycle Tool (PCT) is listed as one of the assessment and audit tools used by Warwickshire County Council to review existing and planned facilities.,,"It is used to identify areas where cycling is currently common (based on 2011 Census travel to work data) and to consider where cycling has the greatest potential to grow, based on different scenarios, including the Government target to double cycling in a decade.",Route Selection Tool; Walking Route Audit Tool; WCHAR (DMRB GG142); Road Safety Audit (DMRB GG119); Cycling Level of Service (LTN 1/20); Healthy Streets Design Check England; Active Mode Appraisal Toolkit; Health Equity Assessment Tool (HEAT); Cycling Infrastructure Prioritisation Toolkit (CyIPT),,,,https://api.warwickshire.gov.uk/documents/WCCC-1615347118-1427,ok
2026,Active Travel in Greater Manchester Annual Report 2025,Greater Manchester,Greater Manchester Combined Authority,North West,LCWIP-related,2025,False,0.0,"{""pct"": 0, ""propensity_to_cycle_tool"": 0, ""pct_bike"": 0}",,,True,,False,False,,,,,2700.0,,,https://assets.ctfassets.net/xfhv954w443t/6I3qoqrkOLeiXUA5CVZcAz/f4203328d488aa76a0f1f5aa57aaf1d9/Greater_Manchester_Active_Travel_Annual_Report_2025.pdf,ok
2026,Cycle Infrastructure Design (Local Transport Note 1/20),Department for Transport (National Guidance),,,LCWIP-related,July 2020,True,2.0,"{""pct"": 0, ""propensity_to_cycle_tool"": 1, ""pct_bike"": 1}",,,True,,False,True,"Provides analyses of local trips based on Census Journey to Work and school travel data, includes a ‘scenario planning’ function to show how trips might increase given the right conditions, and allows users to allocate trips to the transport network.",,"The Propensity to Cycle Tool (PCT), sponsored by the DfT, is a key resource to support this strategic network planning. It is an interactive mapping website which can be used to explore the cycling potential at local, regional and national levels.",Cycling Level of Service Tool; Junction Assessment Tool; Route Selection Tool,,,,https://assets.publishing.service.gov.uk/media/5ffa1f96d3bf7f65d9e35825/cycle-infrastructure-design-ltn-1-20.pdf,ok
2026,Active Travel England Local Authority Active Travel Capability Ratings 2025,"Multiple (including Milton Keynes City Council, Nottinghamshire County Council, Gloucestershire County Council)",Cambridgeshire and Peterborough Combined Authority; Greater Manchester Combined Authority; Liverpool City Region Combined Authority; South Yorkshire Mayoral Combined Authority; Tees Valley Combined Authority; West Midlands Combined Authority; West of England Combined Authority; West Yorkshire Combined Authority,England,LCWIP-related,December 2025,False,0.0,"{""pct"": 0, ""propensity_to_cycle_tool"": 0, ""pct_bike"": 0}",,,True,,False,False,,,,Redway Design Manual,,,,https://assets.publishing.service.gov.uk/media/6939a16933c7ace9c4a41f8b/local-authority-active-travel-capability-ratings-2025.pdf,ok
2026,Banbury Local Cycling and Walking Infrastructure Plan (LCWIP),Cherwell District Council; Oxfordshire County Council,,South East,LCWIP,2023-07,True,41.0,"{""pct"": 26, ""propensity_to_cycle_tool"": 15, ""pct_bike"": 0}",,,True,E-bike; Go Dutch,True,True,"Used to identify preferred routes for cycling journeys, model commuting cycle route networks under different scenarios (E-bike, Go Dutch), and determine school cycling route network flows.",The analysis from the PCT directly informed the creation of the proposed primary and secondary cycle network maps presented in the plan. The routes identified by the PCT as having high potential were foundational to the network design.,The primary evidence base used to identify the Primary and Secondary Cycle Routes for Banbury was the Propensity to Cycle Tool (PCT). The PCT highlights corridors where there is the greatest latent demand for cycling and this has formed the basis for the proposed cycle network for Banbury.,Strava Global Heatmap; CycleStreets; Rapid Cycleway Prioritisation Tool,,,,https://mycouncil.oxfordshire.gov.uk/documents/s66592/CMDHM20230720R05a%20Annex%20A%20Banbury%20LCWIP%20FINAL_10072023%20version.pdf,ok
2026,Local Cycling and Walking Infrastructure Plan – (LCWIP),Brentwood,,East of England,LCWIP,2025-11-19,False,0.0,"{""pct"": 0, ""propensity_to_cycle_tool"": 0, ""pct_bike"": 0}",,,True,,False,False,,,,,,,,https://brentwood.moderngov.co.uk/documents/s29126/Brentwood%20Committee%20Report%20Template%202025%20LCWIP%20final.pdf,ok
2026,Central Lancashire Local Cycling & Walking Infrastructure Plan,"Preston City Council, South Ribble Borough Council, Chorley Council",,North West,LCWIP,November 2024,False,20.0,"{""pct"": 16, ""propensity_to_cycle_tool"": 4, ""pct_bike"": 0}",,,True,,False,False,"The Propensity to Cycle Tool (PCT) was used to identify key trip attractors and the origins of cycle journeys, building a picture of where cycling demand is likely to be greatest. This helped to identify desire lines which informed the development of the cycle network.",The PCT analysis directly informed the identification and mapping of the proposed cycle network. The desire lines showing high potential for cycling growth were fundamental in shaping the routes chosen for the primary and secondary network.,"The Propensity to Cycle Tool (PCT) was used to identify key trip attractors and the origins of cycle journeys, building a picture of where cycling demand is likely to be greatest.",desire lines,,,,https://centrallocalplan.lancashire.gov.uk/media/2053/it03-central-lancashire-local-cycling-and-walking-infrastructure-plan.pdf,ok
2026,Herefordshire Local Cycling and Walking Infrastructure Plan,Herefordshire,,West Midlands,LCWIP,November 2023,True,9.0,"{""pct"": 7, ""propensity_to_cycle_tool"": 2, ""pct_bike"": 0}",,,True,E-bike,True,True,Used to identify where increases in the rates of cycling can be expected through the provision of better infrastructure by analyzing commuting trips.,The document is a progress report and does not yet contain specific outcomes of the LCWIP's implementation.,,Strava data; Cycling Level of Service (CLOS); Walking Route Audit Tool (WRAT),,,,https://councillors.herefordshire.gov.uk/documents/s50113886/Herefordshire%20Local%20Cycling%20and%20Walking%20Infrastructure%20Plan.pdf,ok
2026,Crawley Local Cycling and Walking Infrastructure Plan – 2021,Crawley Borough Council,,South East,LCWIP,March 2021,True,16.0,"{""pct"": 11, ""propensity_to_cycle_tool"": 5, ""pct_bike"": 0}",,,True,Government Target; Go Dutch,True,True,Used to identify likely route corridors where cycling has the greatest potential to grow and provide estimated figures for their use by linking census data to employment locations or schools.,,,Route Selection Tool (RST); Walking Route Assessment Tool (WRAT); TfL Cycle Level of Service (CLoS),60.15,32980000.0,16.0,https://crawley.gov.uk/sites/default/files/2023-08/Local%20Cycling%20and%20Walking%20Infrastructure%20Plan%20report%20and%20appendices.pdf,ok
2026,Carlisle Local Cycling and Walking Infrastructure Plan (LCWIP) 2022 - 2037,Carlisle,,North West,LCWIP,March 2022,True,2.0,"{""pct"": 0, ""propensity_to_cycle_tool"": 1, ""pct_bike"": 1}",,,True,,False,False,Used to provide evidence of existing and future potential demand for cycling and walking.,"The PCT analysis was a key evidence source that directly informed the identification and mapping of the proposed cycle network. The routes and corridors with the highest potential for cycling growth, as identified by the PCT, were prioritised within the plan.","The Propensity to Cycle Tool (PCT) has been used to identify the level of cycling potential on key corridors, which has helped to inform the development of the primary and secondary cycle network.",Census 2011; School Travel Demand Surveys,,,,https://cumbria.gov.uk/elibrary/Content/Internet/538/18110/38384/44749114236.pdf,ok
2026,Workington Local Cycling and Walking Infrastructure Plan (2022 – 2037),Cumbria County Council,,North West,LCWIP,June 2022,True,2.0,"{""pct"": 0, ""propensity_to_cycle_tool"": 1, ""pct_bike"": 1}",,,True,,False,False,Used as a tool for network planning to identify origin and destination points and cycle flows.,"The PCT analysis was a key evidence source that directly informed the identification and mapping of the proposed cycle network. The routes and corridors with the highest potential for cycling growth, as identified by the PCT, were prioritised within the plan.","The Propensity to Cycle Tool (PCT) has been used to identify the level of cycling potential on key corridors, which has helped to inform the development of the primary and secondary cycle network.",School Travel Demand Surveys; Census 2011,,,,https://cumbria.gov.uk/elibrary/Content/Internet/538/18110/38384/44819111034.pdf,ok
2026,Local Cycling and Walking Infrastructure Plan,"Bournemouth, Christchurch and Poole Council",North East Combined Authority,South East,LCWIP,April 2022,False,0.0,"{""pct"": 0, ""propensity_to_cycle_tool"": 0, ""pct_bike"": 0}",,,True,Government Target,False,False,The Propensity to Cycle Tool (PCT) was used to identify key trip attractors and desire lines for cycle journeys. This analysis of latent demand was a key input for developing the proposed primary and secondary cycle network.,The PCT analysis directly informed the identification and mapping of the proposed cycle network. The desire lines showing high potential for cycling growth were fundamental in shaping the routes chosen for the primary and secondary network.,We have used the Department for Transit’s Propensity to Cycle Tool to inform the development of a draft list of proposed interventions.,Tom Tom Congestion Index; LTN 1/20 Cycle Infrastructure Design,,,,https://democracy.bcpcouncil.gov.uk/documents/s32638/Local%20Cycling%20and%20Walking%20Infrastructure%20Plan.pdf,ok
2026,Local Cycling and Walking Infrastructure Plan (LCWIP),Brighton & Hove City Council,,South East,LCWIP,2022-03-15,False,0.0,"{""pct"": 0, ""propensity_to_cycle_tool"": 0, ""pct_bike"": 0}",,,True,,False,False,The Propensity to Cycle Tool (PCT) was used as a key evidence source to identify strategic desire lines for cycling across the city. This analysis of latent demand helped to inform the development and mapping of the proposed primary and secondary cycle network.,The PCT analysis directly informed the identification and mapping of the proposed cycle network. The desire lines showing high potential for cycling growth were fundamental in shaping the routes chosen for the primary and secondary network.,,Department for Transport (DfT) LCWIP Technical Guidance; Collision data (STATS19); Stakeholder engagement and public consultation; Site audits; Healthy Streets Check for Designers,,,,https://democracy.brighton-hove.gov.uk/documents/s175857/Local%20Cycling%20and%20Walking%20Infrastructure%20Plan%20LCWIP.pdf,ok
2026,LOCAL CYCLING AND WALKING INFRASTRUCTURE PLAN - Durham City,Durham County Council,North East Combined Authority,North East,LCWIP,January 2021,True,1.0,"{""pct"": 0, ""propensity_to_cycle_tool"": 1, ""pct_bike"": 0}",,,True,,True,True,Used as a key dataset in the evidence-based approach during Stage 2 (Information Gathering) to inform network planning for cycling and walking.,,,Rights of Way information and maps; Census Journey to Work data; Local pedestrian and cycle counts; Collision data for cyclists and pedestrians; Air Quality Management areas; Index of Multiple Deprivation; DfT Route Selection Tool; DfT Walking Route Audit Tool (WRAT),,,3.0,https://democracy.durham.gov.uk/documents/s145571/Local%20Cycling%20App%20b%20Durham%20City%20Local%20Cycling%20Walking%20Infrastructure%20Plan.pdf,ok
2026,LOCAL CYCLING AND WALKING INFRASTRUCTURE PLAN Peterlee,Durham County Council,North East Combined Authority,North East,LCWIP,September 2022,True,5.0,"{""pct"": 4, ""propensity_to_cycle_tool"": 1, ""pct_bike"": 0}",,,True,Government Target,True,True,Used to assess the 'Effectiveness' of desire lines within a prioritization matrix and for validating initial key desire lines against existing data.,"The PCT analysis directly informed the identification and mapping of the proposed cycle network. The routes and corridors with the highest potential for cycling growth, as identified by the PCT, were prioritised within the plan.","The PCT has been used to identify the level of cycling potential on key corridors, which has helped to inform the development of the primary and secondary cycle network.",Strava; DfT (STATS19); WRAT,,,14.0,https://democracy.durham.gov.uk/documents/s174866/Item%207%20Peterlee%20LCWIP%20Final%20inc%20Appendices_opt.pdf,ok
2026,LOCAL CYCLING AND WALKING INFRASTRUCTURE PLAN Shildon,Durham County Council,North East Combined Authority,North East,LCWIP,September 2022,True,5.0,"{""pct"": 4, ""propensity_to_cycle_tool"": 1, ""pct_bike"": 0}",,,True,Government Target,True,True,The Propensity to Cycle Tool (PCT) was used as a key dataset in Stage 2 (Information Gathering) and integrated into the Prioritisation Framework (Table 4-1) to assess 'Propensity to Cycle' based on forecast numbers of journeys to work.,,,Rights of Way information and maps; Census Journey to Work data; Local pedestrian and cycle counts; Collision data for cyclists and pedestrians; Air Quality Management areas; Index of Multiple Deprivation; Strava,,,3.0,https://democracy.durham.gov.uk/documents/s174868/Item%207%20Shildon%20LCWIP%20Final%20inc%20Appendices_opt.pdf,ok
2026,LOCAL CYCLING AND WALKING INFRASTRUCTURE PLAN - Newton Aycliffe,Durham County Council,North East Combined Authority,North East,LCWIP,January 2021,True,1.0,"{""pct"": 0, ""propensity_to_cycle_tool"": 1, ""pct_bike"": 0}",,,True,,False,False,Included as one of the key datasets used during information gathering to inform network planning and prioritisation.,"The PCT analysis directly informed the identification and mapping of the proposed cycle network. The routes and corridors with the highest potential for cycling growth, as identified by the PCT, were prioritised within the plan.","The PCT has been used to identify the level of cycling potential on key corridors, which has helped to inform the development of the primary and secondary cycle network.",Route Selection Tool; Walking Route Audit Tool (WRAT),,,3.0,https://democracy.durham.gov.uk/documents/s174927/Background%20Document%203.pdf,ok
2026,Epsom & Ewell Local Cycling & Walking Infrastructure Plan,Surrey County Council; Epsom & Ewell Borough Council,,South East,LCWIP,September 2024,True,74.0,"{""pct"": 66, ""propensity_to_cycle_tool"": 8, ""pct_bike"": 0}",,,True,,False,False,Used to provide forecast flows for the evidence base.,The PCT analysis directly informed the identification and mapping of the proposed cycle network. The desire lines showing high potential for cycling growth were fundamental in shaping the routes chosen for the primary and secondary network.,,WRAT; RST; MCAF,,,66.0,https://democracy.epsom-ewell.gov.uk/documents/s32880/Appendix%201%20-%20LCWIP.pdf,ok
2026,The Mayor’s Cycling and Walking Challenge Fund,Greater Manchester,Greater Manchester Combined Authority,North West,LCWIP-related,2019-06-28,True,2.0,"{""pct"": 0, ""propensity_to_cycle_tool"": 1, ""pct_bike"": 1}",,,True,,False,False,Included as a tool/resource in the background papers for the development of the Greater Manchester LCWIP.,,,assessment matrix,3000.0,338000000.0,,https://democracy.greatermanchester-ca.gov.uk/documents/s3398/15%20GMCA%20Cycling%20and%20Walking%20Challenge%20Fund%20Update.pdf,ok
2026,GM Transport Delivery Plan (2027-2037) – Public consultation draft,"Bolton, Bury, Oldham, Rochdale, Salford, Stockport, Tameside, Trafford, Wigan",Greater Manchester Combined Authority,North West,LCWIP-related,November 2025,False,0.0,"{""pct"": 0, ""propensity_to_cycle_tool"": 0, ""pct_bike"": 0}",,,True,,False,False,,,,,,10000000000.0,,https://democracy.greatermanchester-ca.gov.uk/documents/s40952/GMCA%20OS%2020251126%20Draft%20Local%20Transport%20Plan%20-%20Appendix%204%20GM%20Transport%20Delivery%20Plan%20Consultation%20Dr.pdf,ok
2026,Basingstoke Local Cycling and Walking Infrastructure Plan,Hampshire County Council; Basingstoke and Deane Borough Council,,South East,LCWIP,2023-03-09,False,0.0,"{""pct"": 0, ""propensity_to_cycle_tool"": 0, ""pct_bike"": 0}",,,True,,False,False,"The Propensity to Cycle Tool (PCT) was used to inform the identification of key desire lines for cycle trips within the town, which in turn was used to develop the primary cycling network.",The analysis from the PCT was a foundational piece of evidence that directly informed the development and mapping of the primary cycle network presented in the plan.,,Department for Transport (DfT) LCWIP Technical Guidance; Basingstoke and Deane Local Plan; Hampshire's Local Transport Plan (LTP4); Collision data (STATS19); Stakeholder engagement and public consultation; Site audits,,,,https://documents.hants.gov.uk/transport/Basingstoke-and-Deane-LCWIP-Report.pdf,ok
2026,Hart District Local Cycling and Walking Infrastructure Plan,Hart District Council,,South East,LCWIP,2023-05-05,True,27.0,"{""pct"": 17, ""propensity_to_cycle_tool"": 10, ""pct_bike"": 0}",,,True,Government Target; Go Dutch; E-bike,True,True,Used to identify routes with the greatest potential for an increase in commuting and school cycling; used as a basis for route identification and validation against other data sources like stakeholder feedback and collision counts.,The analysis from the PCT was a foundational piece of evidence that directly informed the development and mapping of the primary and secondary cycle networks presented in the plan's appendices.,,Census 2011; DfT Traffic Counts; Road Traffic Collisions; WRAT; HSDC; Route Selection Tool (RST); Green Grid Survey,,,12.0,https://democracy.hants.gov.uk/documents/s122153/2024-06-27%202i%20Hart%20LCWIP%20-%20Appendix%20A-2024-06-27-EMH2050%20Decision%20Day.pdf,ok
2026,Kirklees Draft Transport Strategy,Kirklees Council,West Yorkshire Combined Authority,Yorkshire and The Humber,LCWIP-related,January 2025,False,0.0,"{""pct"": 0, ""propensity_to_cycle_tool"": 0, ""pct_bike"": 0}",,,True,,False,False,,,,,,,,https://democracy.kirklees.gov.uk/documents/s61927/Kirklees%20Transport%20Strategy_Draft%20DTP_130125.pdf,ok
2026,Loughborough Area Local Cycling and Walking Infrastructure Plan (LCWIP),Leicestershire County Council,,East Midlands,LCWIP,2023,True,32.0,"{""pct"": 25, ""propensity_to_cycle_tool"": 7, ""pct_bike"": 0}",,,True,,True,True,Used to assign cycling demand based on the number of commuting trips from 2011 Census data; these results were combined with destination cluster weightings to determine desirability scores for identifying and prioritizing routes.,"The analysis from the PCT directly informed the creation of the cycle network map presented in the plan. The routes with the highest potential for cycling growth, as identified by the PCT, were selected to form the core of the primary and secondary networks.",,DataShine Tool; Route Selection Tool; Walking Route Audit Tool; Healthy Streets Design Check; Google Maps; Strava Metro; BetterPoints,,,,https://democracy.leics.gov.uk/documents/s179818/Appendix%20C%20-%20Loughborough%20Area%20LCWIP%20and%20Appendices.pdf,ok
2026,Peterborough City Council Local Cycling and Walking Infrastructure Plan 2024- 2034,Peterborough City Council,Cambridgeshire and Peterborough Combined Authority,East of England,LCWIP,2024,True,20.0,"{""pct"": 15, ""propensity_to_cycle_tool"": 4, ""pct_bike"": 1}",,,True,Go Dutch; Government Target,True,True,Used for analyzing existing and potential cycling trips to provide numerical and graphical outputs; specifically used to produce desire lines for the 'Go Dutch' scenario and as a basis to calculate expected trip growth based on a 'Government Target' scenario.,The PCT analysis directly informed the identification and mapping of the proposed cycle network. The desire lines showing high potential for cycling growth were fundamental in shaping the routes chosen for the primary and secondary network.,The Propensity to Cycle Tool (PCT) was used to identify key destinations and desire lines for cycling.,CycleFriendly report; WalkFriendly report; Route Selection Tool (RST); Walking Route Audit Tool (WRAT); Active Mode Appraisal Toolkit (AMAT),,,31.0,https://democracy.peterborough.gov.uk/documents/s53301/Item%205.%20Appendix%201%20-%20Local%20Cycling%20and%20Walking%20Infrastructure%20Plan%20LCWIP%2016072024%20Cabinet.pdf,ok
2026,Warwickshire Local Cycling and Walking Infrastructure Plan,Warwickshire,,West Midlands,LCWIP,2023-09-26,True,2.0,"{""pct"": 1, ""propensity_to_cycle_tool"": 1, ""pct_bike"": 0}",,,True,,False,False,Included as one of the assessment and audit tools used to review existing and planned facilities.,"The PCT analysis directly informed the identification and mapping of the proposed cycle networks. The routes and corridors with the highest potential for cycling growth, as identified by the PCT, were prioritised within the plan.","The Propensity to Cycle Tool (PCT) has been used to identify the level of cycling potential on key corridors, which has helped to inform the development of the primary and secondary cycle network.",Route Selection Tool; Walking Route Audit Tool; WCHAR; Road Safety Audit; Cycling Level of Service; Healthy Streets Design Check England; Active Mode Appraisal Toolkit; HEAT; CyIPT; Equality Impact Assessment; Cycle Audit,,,,https://democracy.warwickshire.gov.uk/documents/s35370/Appendix%203%20for%20Warwickshire%20LCWIP%20Part%201%20Introduction.pdf,ok
2026,City of York Local Cycling and Walking Infrastructure Plan DRAFT LCWIP Background Evidence Report,City of York Council,York and North Yorkshire Combined Authority,Yorkshire and The Humber,LCWIP,2023-01-24,True,26.0,"{""pct"": 24, ""propensity_to_cycle_tool"": 2, ""pct_bike"": 0}",,,True,Government Target; Go Dutch,True,True,"Used to provide forecasts of commuter cycling levels under various scenarios (Government Target and Go Dutch), map trip origins and destinations (trip generation), identify desire lines for cycle trips (trip distribution), and allocate trips to specific routes (trip assignment) to prioritize the most direct routes.",The PCT analysis was a foundational evidence source that directly informed the identification and mapping of the proposed primary and secondary cycle routes presented in the plan. Its impact is on the design and prioritisation of the network itself.,,Crashmap database; Commonplace Safe Streets York survey; Rate our Routes online survey; DfT traffic count sites; automatic counting sites,,,,https://democracy.york.gov.uk/documents/s166024/Annex%20A%20LCWIP%20Draft%20Background%20Evaluation%20Report.pdf,ok
2026,Cullompton & Tiverton Local Cycling and Walking Infrastructure Plan,Devon County Council / Mid Devon District Council,,,,2023-10-01,True,,,,,,,,,"The Propensity to Cycle Tool (PCT) was used to identify the level of cycling potential on key corridors, helping to understand latent demand and inform the development of the primary and secondary cycle networks for both towns.","The PCT analysis directly informed the creation of the cycle network maps presented in the plan by highlighting the corridors with the greatest potential for cycling growth, which were then prioritized.",,Department for Transport (DfT) LCWIP Technical Guidance; Devon Carbon Plan; Stakeholder engagement and public consultation; Site audits,,,,https://devoncc.sharepoint.com/:b:/s/PublicDocs/Corporate/EXS84IQjtrdGjPnQPta3bzwBE0FHzXNcIeJh4YzymlE_Ug?e=UeP8eO,ok
2026,Exeter Local Cycling and Walking Infrastructure Plan,Devon County Council,,,,2023-09-01,True,,,,,,,,,"The Propensity to Cycle Tool (PCT) was a key evidence source used to identify latent demand for cycling. It helped to identify trip attractors and desire lines for cycle journeys, which informed the development and prioritization of the proposed primary and secondary cycle network.",The PCT data directly informed the creation of the cycle network map presented in the plan. The desire lines and potential for growth highlighted by the PCT were fundamental in defining the routes that make up the primary and secondary network.,,Department for Transport (DfT) LCWIP Technical Guidance; Devon Carbon Plan; Exeter Transport Strategy 2020-2030; Collision data (STATS19); Stakeholder engagement and public consultation; Site audits,,,,https://devoncc.sharepoint.com/:b:/s/PublicDocs/Corporate/Ef9MfxjbJ6xBrTt2rc02v44BKju2349kdZ75MP8eqymg-A?e=IkSolR,ok
2026,Malton & Norton Local Cycling and Walking Infrastructure Plan,North Yorkshire County Council,York and North Yorkshire Combined Authority,Yorkshire and The Humber,LCWIP,November 2021,True,31.0,"{""pct"": 28, ""propensity_to_cycle_tool"": 3, ""pct_bike"": 0}",,,True,Government Target; Go Dutch,True,True,"Used to determine cycle flows, identify top 30 flow pairs, map them to route networks, and forecast cycling based on various scenario models.",The PCT analysis was a key evidence source that directly informed the identification and mapping of the core desire lines for cycling. This analysis formed the foundation for the proposed primary and secondary cycle routes presented in the plan's network maps.,The PCT was used to identify the existing and latent demand for cycling within Malton and Norton and to identify desire lines for cycle journeys.,Department for Transport (DfT) LCWIP Technical Guidance; Collision data (STATS19); Stakeholder engagement and public consultation; Site audits; A bespoke Prioritisation Matrix,,,9.0,https://edemocracy.northyorks.gov.uk/documents/s10084/Malton%20and%20Norton%20Local%20Cycling%20and%20Walking%20Infrastructure%20Plan.pdf,ok
2026,Ripon and Catterick and Local Cycling and Walking Infrastructure Plans,North Yorkshire Council,York and North Yorkshire Combined Authority,Yorkshire and The Humber,LCWIP,2025-01-24,True,28.0,"{""pct"": 20, ""propensity_to_cycle_tool"": 6, ""pct_bike"": 2}",,,True,E-bike,True,True,Used to validate desire lines against evidence of cycling demand across different scenarios.,,,Strava global heatmap; DfT Route Selection Tool (RST); East assessment tool,,,16.0,https://edemocracy.northyorks.gov.uk/documents/s47233/Ripon%20and%20Catterick%20Phase%201%20LCWIPs.pdf,ok
2026,Thirsk and Whitby Local Cycling and Walking Infrastructure Plans,North Yorkshire Council,York and North Yorkshire Combined Authority,Yorkshire and The Humber,LCWIP,2025-05-23,True,28.0,"{""pct"": 21, ""propensity_to_cycle_tool"": 7, ""pct_bike"": 0}",,,True,E-bike,True,True,"Used to visualize 'fastest route' scenarios for commuting (based on Census 2011) and school travel, as well as validating desire lines using the E-bike scenario.",,,Strava Heatmap; Census 2011; LTN 1/20,,,18.0,https://edemocracy.northyorks.gov.uk/documents/s52849/Thirsk%20and%20Whitby%20Local%20Cycling%20and%20Walking%20Infrastructure%20Plans.pdf,ok
2026,Faversham Town Council Local Cycling and Walking Infrastructure Plan,Faversham Town Council,,South East,LCWIP,September 2025,True,19.0,"{""pct"": 16, ""propensity_to_cycle_tool"": 2, ""pct_bike"": 1}",,,True,E-bike; Go Dutch,True,True,Used to estimate future demand for cycling based on commuting and school trips; provided straight-line networks and applied network results.,,,Route Selection Tool (RST); Walking Route Audit Tool (WRAT); Strava data,,,11.0,https://favershamtowncouncil.gov.uk/wp-content/uploads/2025/09/Faversham-LCWIP-Aug-25.pdf,ok
2026,Reading Transport Strategy 2036: Sub-Strategy Local Cycling & Walking Infrastructure Plan 2020-30,"Reading Borough Council, Wokingham Borough Council, West Berkshire Council",,South East,LCWIP,March 2020,True,6.0,"{""pct"": 3, ""propensity_to_cycle_tool"": 3, ""pct_bike"": 0}",,,True,Go Dutch,True,True,"Used to analyze origins and destinations, map trip generation, identify desire lines for cycle trips, and allocate trips to specific routes. The 'Go-Dutch' scenario was used to understand potential for increased cycling.","The analysis from the PCT, particularly the desire line mapping, directly informed the creation of the proposed cycle network map presented in the plan.",The primary evidence base used to identify the Primary and Secondary Cycle Routes for Reading was the Propensity to Cycle Tool (PCT). The PCT highlights corridors where there is the greatest latent demand for cycling and this has formed the basis for the proposed cycle network for Reading.,Route Selection Tool (RST); Walking Route Audit Tool (WRAT); STATS 19,,,12.0,https://images.reading.gov.uk/2020/01/Local-Cycling-and-Walking-Infrastructure-Plan_Accessible-Low-Res_March-2020.pdf,ok
2026,Kendal Local Cycling and Walking Infrastructure Plan (2022 – 2037),Cumbria County Council,,North West,LCWIP,March 2022,True,2.0,"{""pct"": 0, ""propensity_to_cycle_tool"": 1, ""pct_bike"": 1}",,,True,,False,False,,,,Census 2011; School Travel Demand Surveys,,,,www.cumbria.gov.uk/cyclingandwalking,ok
2026,LOCAL CYCLING AND WALKING INFRASTRUCTURE PLAN technical report,Cumbria County Council,,North West,LCWIP,March 2022,True,12.0,"{""pct"": 8, ""propensity_to_cycle_tool"": 3, ""pct_bike"": 1}",,,True,Go Dutch,True,True,Used to validate demand for cycling routes and identify popular corridors in various scenarios; used as a basis for identifying the most important connections between people and places.,"Identified potential growth for cycling within Kendal (e.g., routes exceeding 100 cyclists per day) and provided a basis for securing funding for infrastructure like the Kendal Northern Access Route.","The NCN 6, Wildman Street, Shap Road and Lowther Street (converging on the town centre) are by far the most popular routes in all current and future scenarios in the Propensity to Cycle Tool (PCT)",Strava global heatmap; National Cycle Network (NCN); Census data,65.0,74000000.0,22.0,https://legacy.westmorlandandfurness.gov.uk/elibrary/Content/Internet/538/18110/38384/4474911344.pdf,ok
2026,LOCAL CYCLING AND WALKING INFRASTRUCTURE PLAN TECHNICAL REPORT - Penrith,Cumbria County Council,,North West,LCWIP,July 2022,True,13.0,"{""pct"": 9, ""propensity_to_cycle_tool"": 3, ""pct_bike"": 1}",,,True,Go Dutch,True,True,Used to validate desire lines against potential cycling demand; specifically used to compare 'Go Dutch' scenario outputs to identify high-demand routes.,,,Strava; Route Selection Tool (RST); Early Assessment and Sifting Tool (EAST),,,,https://legacy.westmorlandandfurness.gov.uk/elibrary/Content/Internet/538/18110/38384/44819113937.pdf,ok
2026,LOCAL CYCLING AND WALKING INFRASTRUCTURE PLAN TECHNICAL REPORT Workington,Cumbria County Council,,North West,LCWIP,July 2022,True,13.0,"{""pct"": 9, ""propensity_to_cycle_tool"": 3, ""pct_bike"": 1}",,,True,Go Dutch,True,True,"Used to validate desire lines, identify key links for the suggested network, and provide forecast flows to determine route hierarchy.",,,Strava global heatmap; Route Selection Tool (RST); Early Assessment and Sifting Tool (EAST),,,,https://legacy.westmorlandandfurness.gov.uk/elibrary/Content/Internet/538/18110/38384/4481911413.pdf,ok
2026,Kent Cycling and Walking Infrastructure Plan,Kent,,South East,LCWIP,March 2021,False,0.0,"{""pct"": 0, ""propensity_to_cycle_tool"": 0, ""pct_bike"": 0}",,,True,,False,False,"The Propensity to Cycle Tool (PCT) was used as a 'key evidence base' for cycling network planning. It helped to identify and validate 'desire lines' by mapping origins and destinations across the county. The PCT allowed for the forecasting of potential future growth of cycle trips under different scenarios, specifically for travel to work and school. It was used to understand where the greatest potential for increasing cycling existed.",,,DfT's Cycling Proofing Toolkit; DfT's Route Selection Tool (RST); DfT's Walking Route Audit Tool (WRAT); Active Modes Appraisal Tool (AMAT),,,,https://letstalk.kent.gov.uk/27288/widgets/77329/documents/72175,ok
2026,Draft Carterton LCWIP,Carterton,,South East,LCWIP,2024-07-01,False,0.0,"{""pct"": 0, ""propensity_to_cycle_tool"": 0, ""pct_bike"": 0}",,,True,,False,False,"The Propensity to Cycle Tool (PCT) was used as the primary evidence base to identify the primary and secondary cycle routes for Witney, Carterton and the surrounding area. It was used to highlight corridors with the greatest latent demand for cycling, which formed the basis for the proposed network.",The analysis from the PCT directly informed the creation of the proposed primary and secondary cycle network maps presented in the plan. The routes identified by the PCT as having high potential were foundational to the network design.,"The primary evidence base used to identify the Primary and Secondary Cycle Routes for Witney, Carterton and the surrounding area was the Propensity to Cycle Tool (PCT). The PCT highlights corridors where there is the greatest latent demand for cycling and this has formed the basis for the proposed cycle network.",Department for Transport (DfT) LCWIP Technical Guidance; Oxfordshire Local Transport and Connectivity Plan (LTCP); West Oxfordshire Local Plan 2031; Active Travel England's LCWIP guidance; Collision data (STATS19); Stakeholder engagement and public consultation,,,,https://letstalk.oxfordshire.gov.uk/40548/widgets/120199/documents/84124,ok
2026,"Local Cycling and Walking Infrastructure Plan: Congleton, Macclesfield and Wilmslow",Cheshire East Council,,North West,LCWIP,February 2021,True,17.0,"{""pct"": 12, ""propensity_to_cycle_tool"": 4, ""pct_bike"": 1}",,,True,Government Target; Go Dutch; Current/Baseline,True,True,Used to assist the identification of key cycle desire lines within the LCWIP area and provide an evidence base for identifying future routes and desire lines connecting trip origins and destinations.,"The analysis from the PCT directly led to the development and mapping of the primary and secondary cycle networks for both Crewe and Macclesfield, which are presented in the plan's appendices.",,Sustrans National Cycle Network; STATS19; Walking Route Audit Tool (WRAT),,,,https://moderngov.cheshireeast.gov.uk/documents/s83625/Local%20Cycling%20and%20Walking%20Infrastructure%20Plans%20-%20app%202%20NE.pdf,ok
2026,Local Cycling & Walking Infrastructure Plan (LCWIP) for Dover District,Dover District Council,,South East,LCWIP,December 2024,True,14.0,"{""pct"": 10, ""propensity_to_cycle_tool"": 4, ""pct_bike"": 0}",,,True,Go Dutch; E-bike; Go Cambridge; Baseline,True,True,"Used to identify patterns of walking and cycling, potential new journeys, and as a basis for developing a straight-line network plan that clustered trip generators/attractors and summarized key desire lines.",,,DDC transport and land use policies; Port of Dover information; indices of multiple deprivation; pedestrian and cyclists collision data; topography; trip generators and attractors,,,,https://moderngov.dover.gov.uk/documents/s60537/Local%20Cycling%20Walking%20Appendix.pdf,ok
2026,Three Rivers District Local Cycling and Walking Infrastructure Plan,"Three Rivers District Council, Hertfordshire County Council",,East of England,LCWIP,July 2025,True,31.0,"{""pct"": 23, ""propensity_to_cycle_tool"": 7, ""pct_bike"": 1}",,,True,Government Target; Go Dutch,True,True,Used to understand potential for cycling along straight desire lines and as a tool in the pre-prioritisation process to identify links that could potentially attract the largest numbers of users for commuting and school travel.,"The PCT desire line mapping, shown in the report's appendices, was a foundational evidence source that directly informed the selection and mapping of the primary and secondary cycle routes across the district.",,Place & Movement approach; Route Selection Tool (RST); Indices of Multiple Deprivation (IMD),,,5.0,https://moderngov.threerivers.gov.uk/documents/s13679/Appendix+A+-+Local+Cycling+and+Walking+Infrastructure+Plan+including+appendices.pdf,ok
2026,Didcot Local Cycling and Walking Infrastructure Plan,South Oxfordshire District Council; Vale of White Horse District Council,,South East,LCWIP,2023-10-31,True,30.0,"{""pct"": 27, ""propensity_to_cycle_tool"": 3, ""pct_bike"": 0}",,,True,Go Dutch,True,True,"Used for cycling demand analysis (Section 4.2), projecting cycle flows onto the network (Figure 30), and informing the rationalization and prioritization of the network.",The analysis from the PCT directly informed the creation of the proposed primary and secondary cycle network maps presented in the plan. The routes identified by the PCT as having high potential were foundational to the network design.,,Sustrans National Cycle Network; Cycle Route Audits,,,,https://mycouncil.oxfordshire.gov.uk/documents/s68729/CMDTM20231214R06%20Annex%201%20-%20Didcot%20LCWIP%20Report.pdf,ok
2026,Chipping Norton Local Cycling and Walking Infrastructure Plan (LCWIP),Oxfordshire County Council,,South East,LCWIP,April 2025,True,22.0,"{""pct"": 7, ""propensity_to_cycle_tool"": 13, ""pct_bike"": 2}",,,True,,True,True,"Used to classify cycle desire line routes into Primary, Secondary, and Local categories based on forecast flows of people cycling.",,,Route Selection Tool (RST),,,,https://mycouncil.oxfordshire.gov.uk/documents/s75882/CMDTMT25042025%20-%20Chipping%20Norton%20LCWIP.pdf,ok
2026,Woodstock Area Local Cycling and Walking Infrastructure Plan,Oxfordshire County Council,,,LCWIP,2025-04-24,True,14.0,"{""pct"": 8, ""propensity_to_cycle_tool"": 5, ""pct_bike"": 1}",,,True,,True,False,"Used to identify cycle desire lines and categorize them into Primary, Secondary, and Local categories based on 2011 Census journey to work data.",,,Route Selection Tool (RST); Walking Route Audit Tool (WRAT),,,,https://mycouncil.oxfordshire.gov.uk/documents/s75883/CMDTMT25042025%20-%20Woodstock%20LCWIP.pdf,ok
2026,Carterton and the surrounding area Local Cycling and Walking Infrastructure Plan,Oxfordshire County Council,,South East,LCWIP,July 2025,True,29.0,"{""pct"": 14, ""propensity_to_cycle_tool"": 14, ""pct_bike"": 1}",,,True,,True,False,"Used to identify cycle desire lines and categorize the network into primary, secondary, and local classifications.",,,DfT Route Selection Tool (RST),,,,https://mycouncil.oxfordshire.gov.uk/documents/s78135/CMDTM091025%20-%20Carterton%20LCWIP%20Final%20Draft%20LCWIP.pdf,ok
2026,Wantage and Grove Area Local Cycling and Walking Infrastructure Plan (LCWIP),Oxfordshire County Council,,South East,LCWIP,2025-12-11,False,0.0,"{""pct"": 0, ""propensity_to_cycle_tool"": 0, ""pct_bike"": 0}",,,True,,False,False,,,,DfT guidance on LCWIP production; Oxfordshire Walking and Cycle Design Standards; Let’s Talk platform,,,,https://mycouncil.oxfordshire.gov.uk/documents/s79633/CMDTM11122025%20-%20Wantage%20and%20Grove%20LCWIP.pdf,ok
2026,Countywide Local Cycling and Walking Infrastructure Plan Summary Report,Norfolk County Council,,East of England,LCWIP,2023-05,False,0.0,"{""pct"": 0, ""propensity_to_cycle_tool"": 0, ""pct_bike"": 0}",,,True,,False,False,,,,Norfolk cycling and walking survey; OpenStreetMap (OSM); National Cycle Network (NCN),,,,https://norfolk.citizenspace.com/environment-transport-and-development/aclelcwip/supporting_documents/Countywide%20LCWIP_Summary%20Report_Accessible.pdf,ok
2026,Wellingborough and Rushden Area Local Cycling and Walking Infrastructure Plan,North Northamptonshire Council,,East of England,LCWIP,2025-03-13,False,0.0,"{""pct"": 0, ""propensity_to_cycle_tool"": 0, ""pct_bike"": 0}",,,True,,False,False,,,,,,110000000.0,31.0,https://northnorthants.moderngov.co.uk/documents/s28884/Wellingborough+and+Rushden+Area+Local+Cycling+and+Walking+Infrastructure+Plan.pdf,ok
2026,Draft Local Cycling & Walking Infrastructure Plan,Royal Borough of Windsor & Maidenhead [3],,,LCWIP,2022,False,0.0,"{""pct"": 0, ""propensity_to_cycle_tool"": 0, ""pct_bike"": 0}",,,True,,False,False,"The Propensity to Cycle Tool (PCT) was used to provide a data-driven approach to developing the cycle network. It utilized journey to work and school travel data to model demand for trips. Specifically, the 'Go-Dutch' scenario was used to identify routes with the greatest potential for increased cycling. The results were then cross-referenced with public engagement feedback to help prioritize investment where it would have the greatest impact. [3]",,,,,,,https://rbwmtogether.rbwm.gov.uk/15306/widgets/44982/documents/25696,ok
2026,West of England Local Cycling and Walking Infrastructure Plan 2020-2036,"Bath & North East Somerset, Bristol City, South Gloucestershire, North Somerset",West of England Combined Authority (WECA),South West,LCWIP,June 2020,False,1.0,"{""pct"": 0, ""propensity_to_cycle_tool"": 1, ""pct_bike"": 0}",,,True,,False,False,,,,,,411000000.0,85.0,https://s3-eu-west-1.amazonaws.com/travelwest/wp-content/uploads/2020/07/LCWIP.pdf,ok
2026,Shropshire LCWIP | LCWIP Report,Shropshire Council,,West Midlands,LCWIP,2023-01-20,True,12.0,"{""pct"": 6, ""propensity_to_cycle_tool"": 6, ""pct_bike"": 0}",,,True,Government Target,True,True,Used to highlight routes currently used by commuter cyclists and forecast the number of commuter cyclists under the government target; also included as an appraisal metric in the prioritisation process.,The PCT analysis directly informed the identification and mapping of the proposed cycle networks. The desire lines showing high potential for cycling growth were fundamental in shaping the routes chosen for the primary and secondary networks in each town.,Propensity to Cycle Tool (PCT): This tool uses data from the 2011 Census to highlight routes which are currently used by commuter cyclists.; The PCT was also used to forecast the number of commuter cyclists on these routes under the government target (as set out in the Second Cycling and Walking Investment Strategy) to double cycling at a national level.,Strava Metro data; Cycle Collision Data (STATS19); CREDS Place-Based Carbon Calculator; Open Street Map,,,,https://shropshire.gov.uk/committee-services/documents/s34213/Shropshire%20LCWIP%20Final%20Draft.pdf,ok
2026,Shropshire Local Cycling & Walking Infrastructure Plan | Consultation Report,Shropshire Council,,West Midlands,LCWIP,2024-02-12,False,0.0,"{""pct"": 0, ""propensity_to_cycle_tool"": 0, ""pct_bike"": 0}",,,True,,False,False,"The PCT was used for strategic planning of cycling networks, visualizing commuter cycling growth under different scenarios (Government Target, Gender Equality, Go Dutch), identifying cycling potential by Medium Super Output Areas (MSOAs), mapping current and potential cycling trips along 'desire lines' and 'fast and quiet routes', and aggregating individual routes to generate a route network. It assists with mapping trip origins and destinations, identifying desire lines, allocating trips to specific routes, defining potential demand, and assisting with scheme prioritisation.",,,Cadence 360; Storymaps; Propensity to Cycle Tool (PCT); Route Selection Tool (RST); Walking Route Audit Tool (WRAT); Cyclestreets,,,,https://shropshire.gov.uk/committee-services/documents/s37227/Appendix%209%20-%20Shropshire%20LCWIP%20Consultation%20Report_v1.0.pdf,ok
2026,St Helens Borough LCWIP,St Helens Borough Council,Liverpool City Region,North West,LCWIP,2022-09-20,True,1.0,"{""pct"": 0, ""propensity_to_cycle_tool"": 1, ""pct_bike"": 0}",,,True,,True,True,Included as part of the demand-based evidence base to inform network planning.,The PCT analysis directly informed the identification and mapping of the proposed cycle network. The desire lines showing high potential for cycling growth were fundamental in shaping the routes chosen for the primary and secondary network.,,Vivacity counters; Strava Metro data; LTN 1/20; Cycling Level of Service tool,,,,https://sthelens.gov.uk/media/4732/St-Helens-Borough-LCWIP/pdf/St_Helens_LCWIP_FINAL.pdf?m=637998005068170000,ok
2026,Transport for the South East Regional Active Travel Strategy and Action Plan Technical Report 1: Evidence Base Report,"Bracknell Forest, Reading, Royal Borough of Windsor & Maidenhead, Slough, Wokingham, West Berkshire, Kent, Medway, Hampshire, Isle of Wight, Surrey, East Sussex, West Sussex, Portsmouth, Southampton, Brighton & Hove",,South East,LCWIP-related,June 2025,False,6.0,"{""pct"": 3, ""propensity_to_cycle_tool"": 2, ""pct_bike"": 1}",,,True,,False,False,,,,DfT route selection tool; National Travel Survey,,,,https://transportforthesoutheast.org.uk/app/uploads/2025/06/TfSE-RATSAP-Evidence-Base-Report-2025.pdf,ok
2026,Portsmouth City Council LOCAL CYCLING & WALKING INFRASTRUCTURE PLAN Background Report,Portsmouth City Council,,South East,LCWIP,May 2020,True,11.0,"{""pct"": 6, ""propensity_to_cycle_tool"": 3, ""pct_bike"": 2}",,,True,Government Target,True,True,The PCT’s Government Target (Equality) scenario was used to identify the highest forecast future cycle commuting flows within the plan area.,,The Propensity to Cycle Tool (PCT): a website analysis tool which forecasts the potential future growth of cycle trips under different scenarios for travel to work and travel to school.,Route Selection Tool (RST); Walking Route Audit Tool (WRAT); Datashine Commute; National Travel Survey 2018; Traffic counts; Footfall data,,,,https://travel.portsmouth.gov.uk/wp-content/uploads/2020/08/Background-Report.pdf,ok
2026,Portsmouth LOCAL CYCLING AND WALKING INFRASTRUCTUREPLAN 2020-2030,Portsmouth City Council,,South East,LCWIP,2020,True,1.0,"{""pct"": 1, ""propensity_to_cycle_tool"": 0, ""pct_bike"": 0}",0.0,3 - Network design & mapping,False,,False,True,Used to identify route segments based on the greatest potential to increase cycling and identifying key destinations.,,,Active Travel Map; 2011 Census data,,,,www.portsmouth.gov.uk,ok
2026,Tunbridge Wells Local Cycling and Walking Infrastructure Plan,Tunbridge Wells Borough Council,,,,2021-11-01,True,,,,,,,,,The Propensity to Cycle Tool (PCT) was used to identify key trip attractors and the origins of cycle journeys. This helped to understand latent demand for cycling and informed the development of the proposed cycle network map.,"The PCT outputs, shown as desire line maps in the report, were a key evidence source that directly informed the identification and mapping of the primary and secondary cycle routes for the town.",,Department for Transport (DfT) LCWIP Technical Guidance; Collision data (STATS19); Stakeholder workshops and public consultation; Site audits,,,,https://tunbridgewells.gov.uk/__data/assets/pdf_file/0007/385333/05_LCWIP-Phase-2_Final-Report.pdf,failed
2026,Project Approvals,West Yorkshire,West Yorkshire Combined Authority,Yorkshire and The Humber,LCWIP-related,2023-07-07,False,0.0,"{""pct"": 0, ""propensity_to_cycle_tool"": 0, ""pct_bike"": 0}",,,True,,False,False,,,,,,,,https://westyorkshire.moderngov.co.uk/mgConvert2PDF.aspx?ID=31798,ok
2026,Local Cycling & Walking Infrastructure Plan Adur & Worthing Councils,Adur & Worthing Councils,,South East,LCWIP,October 2019,True,33.0,"{""pct"": 30, ""propensity_to_cycle_tool"": 2, ""pct_bike"": 1}",,,True,Government Target; Go Dutch,False,True,Used to show existing and potential distribution of commuter cycle trips; used to inform which investment locations could represent best value for money; used to test the proposed network against demand data.,,,NTS 2017; Sustrans Earthlight platform; Route Selection Tool; RATE tool; DfT Traffic Counts; Road Traffic Accidents; Census 2011; Cycle Streets routing application,,,,"https://www.adur-worthing.gov.uk/media/Media,158651,smxx.pdf",ok
2026,AtkinsRéalis Website Content,"Lancashire County Council & Blackpool Council (and Fylde Council, Wyre Council)",,,other,07 May 2024,False,0.0,"{""pct"": 0, ""propensity_to_cycle_tool"": 0, ""pct_bike"": 0}",,,True,,False,False,"The Propensity to Cycle Tool (PCT) was utilized to obtain data for 2011 Census travel to work trips. It helped illustrate the indicative current and potential future distribution of cycle trips to work and school based on different growth scenarios, specifically the 'Go Dutch' scenario. The PCT identified preferred 'fast' and 'quieter' cycle routes, aggregated cycle flows along each link in the network, and categorized cycle flows (high, medium, low) to identify an initial cycle network with coverage across the Fylde Coast. It was a key output used in the PCT analysis to inform strategic planning of cycling networks and identify potential demand for cycling.",,,Strava Metro Data (GPS); DfT's Cycle Infrastructure Design Guidance (LTN 1/20); DfT's Inclusive Mobility guidance; Walking Route Audit Tool (WRAT); Route Selection Tool (RST); Active Travel England (ATE) tools; Manual for Streets 1 & 2,,,,https://www.atkinsrealis.com,ok
2026,Local Cycling and Walking Infrastructure Plan 2024 - 2034,Blaby District Council,,East Midlands,LCWIP,2024-07-23,True,12.0,"{""pct"": 5, ""propensity_to_cycle_tool"": 6, ""pct_bike"": 1}",,,True,Government Target; Go Dutch,True,True,Used to support with establishing desire lines for cycle movements in the District of Blaby and identifying more plausible route options where investment would have maximum impact.,,,DfT National Travel Survey; Census 2011; Paths for Everyone Cost Calculator,,,10.0,https://www.blaby.gov.uk/media/r0zjdj5m/blaby-district-council-lcwip-2024-230724.pdf,ok
2026,Local Cycling and Walking Infrastructure Plan (LCWIP) - Bracknell Forest,Bracknell Forest Council,,South East,LCWIP,Not specified (inception Nov 2021),True,12.0,"{""pct"": 7, ""propensity_to_cycle_tool"": 5, ""pct_bike"": 0}",,,True,Go Dutch,True,True,"Used to identify desire lines for cycle traffic for trips to work and school, providing heat maps of indicative demand.",,,GIS model; Route Selection Tool (RST); Walking Route Audit Tool (WRAT); Multi-Criteria Appraisal Tool (MCAT); Area Porosity Analysis,,,,https://www.bracknell-forest.gov.uk/sites/default/files/2024-11/local-cycling-and-walking-infrastructure-plan.pdf,ok
2026,Broads Local Cycling and Walking Infrastructure Plan,Broads Authority,,East of England,LCWIP,2025-03-05,False,0.0,"{""pct"": 0, ""propensity_to_cycle_tool"": 0, ""pct_bike"": 0}",,,True,,False,False,"The Propensity to Cycle Tool (PCT) is not mentioned in this document, which was developed prior to the tool becoming a standard component of the LCWIP process.",,,Department for Transport (DfT) guidance on cycle network planning; GIS mapping; Stakeholder workshops and public consultation; Site audits,,,,https://www.broads-authority.gov.uk/__data/assets/pdf_file/0017/152342/Broads_Local_Cycling_and_Walking_Infrastructure_Plan.pdf,ok
2026,Buckinghamshire LCWIP,Buckinghamshire,,South East,LCWIP,2024,True,2.0,"{""pct"": 1, ""propensity_to_cycle_tool"": 1, ""pct_bike"": 0}",,,True,,False,True,"Used to forecast potential future demand for cycling to work and school under different scenarios, accounting for trip distance and hilliness.",,,,,,,https://yourvoicebuck.citizenspace.com/,ok
2026,Cambridgeshire’s Local Cycling and Walking Infrastructure Plan (LCWIP),Cambridgeshire County Council,Cambridgeshire and Peterborough Combined Authority,East of England,LCWIP,2022-10,False,0.0,"{""pct"": 0, ""propensity_to_cycle_tool"": 0, ""pct_bike"": 0}",,,True,,False,False,"The Propensity to Cycle Tool (PCT) was used to analyze 2011 Census data, specifically origin and destination information for journeys to work. It helped to establish that the peak distance for cycling is at 2km, with the majority of cycle trips between 1km and 5km. The tool also helped to determine the number of additional people that could be attracted to cycle each route if improvements are made, by modeling routes with and without high-quality infrastructure (doubling the distance if no infrastructure is provided). This information was then used to calculate a 'value' score for each proposed scheme based on commuting traffic, aiding in prioritization.",,,CWS criteria; methodology used for identifying higher demand cycle routes,,,,https://www.cambridgeshire.gov.uk/residents/travel-roads-and-parking/transport-plans-and-policies/cambridgeshires-local-cycling-and-walking-infrastructure-plan-lcwip,ok
2026,Cheshire West and Chester Council Local Cycling and Walking Infrastructure Plan 2020 – 2030,Cheshire West and Chester Council,,North West,LCWIP,2020,True,3.0,"{""pct"": 0, ""propensity_to_cycle_tool"": 3, ""pct_bike"": 0}",,,True,,True,False,Used to identify demand for cycling by mapping trip origin and destination points and identifying desire lines.,,,Route Selection Tool; Walking Route Audit Tool,,,,https://www.cheshirewestandchester.gov.uk/asset-library/transport/cycling/local-cycling-and-walking-infrastructure-plan-2020-2030.pdf,ok
2026,Chichester City Local Cycling & Walking Infrastructure Plan (LCWIP),Chichester District Council,,South East,LCWIP,January 2021,True,20.0,"{""pct"": 16, ""propensity_to_cycle_tool"": 4, ""pct_bike"": 0}",,,True,Government Target; Go Cambridge,False,False,"Used to show how cycling might increase under different scenarios, identify potential trips, and determine where demand is highest.","The PCT outputs, presented as desire line maps within the report, were a key evidence source that directly informed the identification and mapping of the primary and secondary cycle routes for the district.",,RST; WRAT; Bikeability assessment; Datashine portal,51.5,9800000.0,19.0,https://www.chichester.gov.uk/media/39558/Local-Cycling-and-Walking-Infrastructure-Plan-LCWIP/pdf/Local_Cycling_and_Walking_Infrastructure_Plan_LCWIP.pdf?m=1714123154250,ok
2026,LOCAL CYCLING AND WALKING INFRASTRUCTURE PLAN TECHNICAL REPORT Whitehaven,Cumbria County Council,,North West,LCWIP,July 2022,True,13.0,"{""pct"": 9, ""propensity_to_cycle_tool"": 3, ""pct_bike"": 1}",,,True,Go Dutch,True,True,Used to validate desire lines against potential future demand in the 'Go Dutch' scenario and to provide forecast flows for identifying primary routes.,,,Strava; West Cumbria Transport Model; Whitehaven Transport Improvements Study (TIS); Route Selection Tool (RST); Early Assessment and Sifting Tool (EAST),,,,https://www.cumberland.gov.uk/sites/default/files/2025-04/whitehaven_lcwip_technical_report.pdf,ok
2026,Local Cycling and Walking Infrastructure Plans (LCWIPs),Devon County Council,,South West,LCWIP-related,,False,0.0,"{""pct"": 0, ""propensity_to_cycle_tool"": 0, ""pct_bike"": 0}",,,True,,False,False,,,,,,,,https://www.devon.gov.uk/roads-and-transport/traffic-information/transport-planning/local-cycling-and-walking-infrastructure-plans-lcwips/,ok
2026,Basildon Borough Council BBC LOCAL CYCLING & WALKING INFRASTRUCTURE PLAN PLUS,Basildon Borough Council,,East of England,LCWIP,June 2021,True,15.0,"{""pct"": 8, ""propensity_to_cycle_tool"": 6, ""pct_bike"": 1}",,,True,Go Dutch,True,True,"Used as a further layer of evidence to assist in the development of the LCWIP+ cycle network, identifying promising areas for potential growth and supporting focus on routes near Basildon town centre.",,,GIS model; K-means clustering method; Route Selection Tool (RST); Active Mode Appraisal Toolkit (AMAT),,,,https://www.essexhighways.org/uploads/files/getting%20around/cycling/basildon-lcwip-report.pdf,ok
2026,Guildford Borough Local Cycling and Walking Infrastructure Plan,Guildford Borough Council,,South East,LCWIP,2021-09-01,False,0.0,"{""pct"": 0, ""propensity_to_cycle_tool"": 0, ""pct_bike"": 0}",,,True,,False,False,"The Propensity to Cycle Tool (PCT) was used as the primary evidence base to identify the primary and secondary cycle routes. It highlighted corridors with the greatest latent demand for cycling, which formed the basis for the proposed network.","The analysis from the PCT, particularly the desire line mapping, directly informed the creation of the proposed cycle network map presented in the plan.",The primary evidence base used to identify the Primary and Secondary Cycle Routes for Guildford was the Propensity to Cycle Tool (PCT). The PCT highlights corridors where there is the greatest latent demand for cycling and this has formed the basis for the proposed cycle network for Guildford.,WRAT; RST; MCAF; LTN 1/20; Inclusive Mobility 1,,,,https://www.guildford.gov.uk/media/36793/Guildford-LCWIP-Chapter-2/pdf/Guildford_LCWIP_Chapter_2.pdf?m=1746179680000,ok
2026,Horsham District Local Cycling and Walking Infrastructure Plan,Horsham District Council,,,,March 2023,True,,,,,,,,,"The Propensity to Cycle Tool (PCT) was used at the strategic planning stage to identify potential demand for cycling trips, particularly for commuting. It helped in understanding where there is a greater propensity for cycling given existing factors. The PCT's 'Government Target (Equality)' scenario was applied to understand potential future cycle commuting flows within the plan area.",,,West Sussex County Council's Active Travel Strategy; West Sussex Transport Plan 2022-2036; DfT's Route Selection Tool (RST); DfT's Walking Route Audit Tool (WRAT),,,,https://www.horsham.gov.uk/__data/assets/pdf_file/0017/113165/Horsham-District-Local-Cycling-and-Walking-Infrastructure-Plan.pdf,failed
2026,Draft Ipswich Local Cycling and Walking Infrastructure Plan (LCWIP),Ipswich Borough Council,,East of England,LCWIP,2025-07-16,True,15.0,"{""pct"": 2, ""propensity_to_cycle_tool"": 11, ""pct_bike"": 2}",,,True,,False,False,Used as a web-based mapping application to assist transport planners in identifying new schemes based on commuting data from the 2011 Census and school travel trip purpose features.,"The analysis from the PCT, particularly the desire line and scenario maps, serves as a key evidence base that, in conjunction with public consultation, will help develop and validate the prioritised programme of cycling infrastructure improvements.",,Walking Route Audit Tool (WRAT); Route Selection Tool; Multi Criteria Assessment Framework (MCAF),,,85.0,https://www.ipswich.gov.uk/sites/ipswich/files/2025-07/FINAL%20Ipswich%20LCWIP%2007.07.25.pdf,ok
2026,Lancaster Local Cycling & Walking Infrastructure Plan Stage 1 - 4 Report,Lancashire County Council (for Lancaster District),,,,2024-04-16,True,,,,,,,,,"The Propensity to Cycle Tool (PCT) is used as a strategic planning tool to forecast commuter cycling levels under various scenarios (e.g., Government Target, Go Dutch). It helps to map trip origins and destinations (trip generation), identify desire lines for cycle trips (trip distribution), and allocate trips to specific routes (trip assignment). The outputs are expressed in terms of one-way daily cycling flows. For the Central Lancashire LCWIP, PCT analysis originally used 2011 census data, modified with 2021 Census population data to indicate where demand for cycle commuter trips could be, based on an e-bike scenario.",,,Sustrans; Propensity to Cycle Tool (PCT); Route Selection Tool (RST); Walking Route Audit Tool (WRAT); Strava Metro,,,,https://www.lancashire.gov.uk/media/951846/lancaster.pdf,failed
2026,Loughborough Area Local Cycling and Walking Infrastructure Plan (Executive Summary),Leicestershire County Council,,,,2023-11-01,True,,,,,,,,,The Propensity to Cycle Tool (PCT) was used as a key evidence source to identify latent demand for cycling and key desire lines. This analysis helped to inform the development of the proposed primary and secondary cycle network for the Loughborough area.,"The PCT analysis directly informed the mapping of the proposed cycle network by identifying the corridors with the highest potential for cycling growth, which were then prioritised.",,Department for Transport (DfT) LCWIP Technical Guidance; Leicestershire's Local Transport Plan (LTP4); Charnwood Local Plan; Collision data (STATS19); Stakeholder engagement and public consultation,,,,https://www.leicestershire.gov.uk/sites/default/files/2023-11/Loughborough-Area-Local-Cycling-and-Walking-Infrastructure-Plan-Executive-Summary.pdf,failed
2026,Luton Local Cycling and Walking Infrastructure Plan,Luton Council,,,,2023-01-01,True,,,,,,,,,The PCT was used to identify areas with high potential for cycling uptake and to help define the primary and secondary cycle network.,"The plan includes a prioritised list of schemes and interventions based on the evidence gathered, including from the PCT.",,Luton Town Centre Masterplan; Luton Local Plan; DfT guidance,,,,https://www.luton.gov.uk/Transport_and_streets/Lists/LutonDocuments/PDF/Responsible%20travel/lcwip.pdf,failed
2026,Knowsley Local Cycling and Walking Infrastructure Plan,Knowsley Metropolitan Borough Council,Liverpool City Region,North West,LCWIP,,True,21.0,"{""pct"": 13, ""propensity_to_cycle_tool"": 8, ""pct_bike"": 0}",,,True,Government Target; Go Dutch,True,True,"Used as a core component for cycle route identification to identify existing patterns, potential new journeys, and specifically used to determine 'fast routes' based on the Go-Dutch scenario.",,,"LTN 1/20, Cycling Level of Service Tool (CLOS), Walking Route Audit Tool (WRAT), OpenStreetMap Query, Sustrans National Cycle Network Map, KMBC Cycling Map, Knowsley Local Plan: Core Strategy, Sustrans Liverpool City Region Walking and Cycling Index 2023",,,43.0,https://www.merseycycle.org.uk/wp-content/uploads/2025/03/LCWIP-Report-Consultation-Draft.pdf,ok
2026,Mid Sussex District Council Local Cycling and Walking Infrastructure Plan (LCWIP) Final Report,Mid Sussex District Council,,South East,LCWIP,March 2023,True,65.0,"{""pct"": 53, ""propensity_to_cycle_tool"": 9, ""pct_bike"": 3}",,,True,E-bike; Go Dutch,True,False,Used to identify the greatest latent demand for cycle and school commuting. The 'E-Bike' scenario was used for cycling and 'Go Dutch' for schools.,The LCWIP has developed a comprehensive set of design measures and prioritised them based on analysis including PCT data.,,Route Selection Tool (RST); Walking Route Audit Tool (WRAT); K-means clustering analysis,,,,https://www.midsussex.gov.uk/media/9010/mid-sussex-local-cycling-and-walking-infrastructure-plan-2023-vfinal.pdf,ok
2026,D2N2 Local Cycling and Walking Infrastructure Plan,"Derby City Council, Derbyshire County Council, Nottingham City Council, Nottinghamshire County Council",East Midlands Combined County Authority,East Midlands,LCWIP,April 2021,True,24.0,"{""pct"": 14, ""propensity_to_cycle_tool"": 7, ""pct_bike"": 3}",,,True,E-bike,False,True,Used for demand assessment based on census journey-to-work data; used as a complement to local plans to identify gaps and provide an indication of potential usage to assist in prioritisation (not used in rural areas).,,,Census Journey to Work data; National Travel Survey 2018; TrafficMaster delay data; DCLG Indices of Multiple Deprivation; DEFRA modelled data on PM2.5,,,1012.0,https://www.nottinghamshire.gov.uk/media/5081421/d2n2localcyclingandwalkinginfrastructureplan.pdf,ok
2026,North West Leicestershire Local Cycling and Walking Infrastructure Plan,North West Leicestershire District Council,,East Midlands,LCWIP,2023-07-01,True,17.0,"{""pct"": 12, ""propensity_to_cycle_tool"": 4, ""pct_bike"": 1}",,,True,Go Dutch; E-bike,False,True,Used to identify potential cycling routes based on current commonality and growth potential; used in the Cycling and Walking Strategy to identify and prioritize cycle route options; allows investigation of different scenarios for business cases.,"The analysis from the PCT directly informed the creation of the cycle network map presented in the plan. The routes with the highest potential for cycling growth, as identified by the PCT, were selected to form the core of the primary and secondary networks.",The Propensity to Cycle Tool (PCT) was used as the primary evidence base to identify the Primary and Secondary Cycle Routes for North West Leicestershire.,National Travel Survey; Cycle Streets; OpenStreetMap; Walking Route Audit Tool (WRAT); Sustrans wide cost calculator tool,,,,https://www.nwleics.gov.uk/files/documents/lcwip/Appendix%204%20NWLDC-LCWIP-.pdf,ok
2026,Abingdon Local Cycling and Walking Infrastructure Plan,Oxfordshire County Council,,South East,LCWIP,January 2023,True,34.0,"{""pct"": 29, ""propensity_to_cycle_tool"": 5, ""pct_bike"": 0}",,,True,E-bike; Go Dutch,True,True,"Used to identify current cycling commonality, estimate potential for growth in various scenarios (E-bike, Go Dutch), prioritize investment on high-flow routes, and support funding applications.",Secured DfT Active Travel Fund Tranche 3 for feasibility and preliminary design on Ock Street based on Rapid Cycleway Prioritisation Tool results.,,OpenStreetMap; Strava Global Heatmap; Rapid Cycleway Prioritisation Tool; STATS19; Active Lives Survey,,,,https://www.oxfordshire.gov.uk/sites/default/files/file/roads-and-transport-connecting-oxfordshire/Abingdon_LCWIP.pdf,ok
2026,Kidlington Local Cycling and Walking Infrastructure Plan (LCWIP),Oxfordshire County Council,,South East,LCWIP,January 2022,True,24.0,"{""pct"": 21, ""propensity_to_cycle_tool"": 3, ""pct_bike"": 0}",,,True,Government Target; Go Dutch; E-bike; Baseline/Current,False,True,"Used to identify baseline cycling modal shares, existing network routes, school travel data, and for modeling various scenarios such as 'Go Dutch' and 'E-bike'.","The plan presents a prioritised network of cycle routes for Kidlington, with priorities informed by the PCT analysis.",,National Travel Survey; Active Lives Survey; Oxfordshire Walking Design Standards; Cherwell Local Plan; Kidlington Framework Masterplan,,,,https://www.oxfordshire.gov.uk/sites/default/files/file/roads-and-transport-major-projects/Kidlington_LCWIP.pdf,ok
2026,Bicester Local Cycling and Walking Infrastructure Plan,Oxfordshire County Council,,,LCWIP-related,2023-01-01,False,0.0,"{""pct"": 0, ""propensity_to_cycle_tool"": 0, ""pct_bike"": 0}",,,True,,False,False,"The PCT was used to identify routes with the highest potential for increasing cycling, which informed the development and prioritisation of the Bicester cycle network.","The plan updates and reprioritises the Bicester cycle network based on new data and analysis, including the PCT.",,Oxfordshire Local Transport and Connectivity Plan (LTCP); Bicester Garden Town Framework; Cherwell Local Plan,,,,https://www.oxfordshire.gov.uk/sites/default/files/file/roads-and-transport-policies-and-plans/BicesterLCWIPTownUpdate2023.pdf,ok
2026,Chipping Norton Local Cycling and Walking Infrastructure Plan,Chipping Norton (Oxfordshire County Council and West Oxfordshire District Council),,South East,LCWIP,April 2025,True,7.0,"{""pct"": 3, ""propensity_to_cycle_tool"": 4, ""pct_bike"": 0}",,,True,,True,True,"Used to create the cycle desire line network by classifying routes as Primary, Secondary, or Local based on forecast flows using 2011 Census journey to work data.","The cycle desire line network, created using the PCT, formed the basis for the aspirational cycle network map.[1] The analysis of potential cycling demand and key corridors directly informed the selection of routes proposed for improvement in the plan.[1]",,Route Selection Tool (RST); Walking Route Audit Tool (WRAT),,,,https://www.oxfordshire.gov.uk/sites/default/files/file/roads-and-transport-policies-and-plans/ChippingNortonLCWIP.pdf,ok
2026,Witney Local Cycling and Walking Infrastructure Plan,West Oxfordshire District Council,,South East,LCWIP,March 2023,True,7.0,"{""pct"": 3, ""propensity_to_cycle_tool"": 4, ""pct_bike"": 0}",,,True,,True,False,"Used to develop a cycle desire line network and classify routes as Primary, Secondary, or Local based on forecast flows of people cycling.","The plan's proposed cycle network, including the designation of primary and secondary routes, was directly shaped by the analysis and data from the Propensity to Cycle Tool.",,Route Selection Tool (RST); Walking Route Audit Tool (WRAT),,,,https://www.oxfordshire.gov.uk/sites/default/files/file/roads-and-transport-policies-and-plans/Witney_LCWIP.pdf,ok
2026,Draft Woodstock Local Cycling and Walking Infrastructure Plan,Oxfordshire County Council,,South East,LCWIP,March 2025,True,7.0,"{""pct"": 4, ""propensity_to_cycle_tool"": 3, ""pct_bike"": 0}",,,True,,True,False,"Used to identify and categorize cycle desire lines into Primary, Secondary, and Local categories based on flow volumes from the 2011 Census journey to work data.",The analysis from the PCT directly informed the development of the proposed primary and secondary cycle network maps presented in the plan. The routes identified as having high potential by the PCT were prioritized for the network.,,Route Selection Tool (RST); Walking Route Audit Tool (WRAT),,,,https://www.oxfordshire.gov.uk/sites/default/files/file/roads-and-transport-policies-and-plans/WoodstockAreaLCWIP.pdf,ok
2026,Royal Borough of Windsor & Maidenhead Local Cycling & Walking Infrastructure Plan,Royal Borough of Windsor & Maidenhead,,South East,LCWIP,2024-06-01,True,10.0,"{""pct"": 4, ""propensity_to_cycle_tool"": 6, ""pct_bike"": 0}",,,True,Go Dutch,False,True,Used to create a data-driven approach to developing a cycle network and identify routes with the greatest potential; results were cross-referenced with public engagement feedback.,Budget of £1.5 million approved for 2022/23; identification of priority corridors for study.,The Propensity to Cycle Tool (PCT) for England and Wales provides an evidence base to inform cycling investment.; The 'Go-Dutch' Scenario has been used to understand which routes provide the greatest potential.,Route Selection Tool; Walking Audit,,1500000.0,,https://www.rbwm.gov.uk/sites/default/files/2024-06/transport_local_cycling_and_walking_infrastructure_plan.pdf,ok
2026,Rutland County Council Local Cycling and Walking Infrastructure Plan Final Report,Rutland County Council,,East Midlands,LCWIP,August 2023,True,13.0,"{""pct"": 8, ""propensity_to_cycle_tool"": 5, ""pct_bike"": 0}",,,True,Government Target; Go Dutch; E-bike,True,False,Used to identify where rates of cycling to work are most likely to be increased and to provide demand distribution for cycle network planning.,,,RST; WRAT,,,33.0,https://www.rutland.gov.uk/sites/default/files/2025-03/ev11.7_cycling_and_walking_infrastructure_plan_august_2023.pdf,ok
2026,Isles of Scilly Local Cycling and Walking Infrastructure Plan,Council of the Isles of Scilly,,South West,LCWIP,2023-12-14,False,0.0,"{""pct"": 0, ""propensity_to_cycle_tool"": 0, ""pct_bike"": 0}",,,True,,False,False,The Propensity to Cycle Tool (PCT) is not mentioned in the available documentation.,,,Department for Transport (DfT) LCWIP Technical Guidance; Public and stakeholder consultations; Appraisals of the quality and suitability of existing networks,,,,https://www.scilly.gov.uk/environment-transport/highways/local-cycling-walking-infrastructure-plan,ok
2026,Local Cycling and Walking Infrastructure Plans,Somerset Council,,South West,LCWIP,2025-09-24,False,0.0,"{""pct"": 0, ""propensity_to_cycle_tool"": 0, ""pct_bike"": 0}",,,True,,False,False,,,,,,,,https://www.somerset.gov.uk/roads-travel-and-parking/local-cycling-and-walking-infrastructure-plans/,ok
2026,Newcastle-under-Lyme Town Centre Local Cycling and Walking Infrastructure Plan 2021 - 2031,Staffordshire County Council,,West Midlands,LCWIP,April 2021,False,0.0,"{""pct"": 0, ""propensity_to_cycle_tool"": 0, ""pct_bike"": 0}",,,True,,False,False,,,,PJA GIS analysis; Sustrans audit; LTN 1/20,144.0,31000000.0,200.0,https://www.sstaffs.gov.uk/sites/default/files/2023-03/local_cycling_and_walking_infrastructure_plan.pdf,ok
2026,Local Cycling and Walking Infrastructure Plan 2025 – 2035,Stoke-on-Trent City Council,,West Midlands,LCWIP,November 2025,False,0.0,"{""pct"": 0, ""propensity_to_cycle_tool"": 0, ""pct_bike"": 0}",,,True,,False,False,,,,LTN 1/20; Office for Health Improvement and Disparities 2023; Walk Wheel Cycle Trust,,,5.0,https://www.stoke.gov.uk/download/downloads/id/2757/draft_local_cycling_and_walking_infrastructure_plan.pdf,ok
2026,Swindon local cycling and walking infrastructure plan,Swindon Borough Council,,South West,LCWIP,April 2022,False,0.0,"{""pct"": 0, ""propensity_to_cycle_tool"": 0, ""pct_bike"": 0}",,,True,,False,False,"The document states that 'predictive tools and local weighting factors' were used to analyze 'the routes connecting areas of deprivation, jobs and schools' to identify 'key desire lines' which was the starting point for providing a list of corridors and schemes for review. While not explicitly naming the 'Propensity Cycling Tool (PCT)' in this specific sentence, the methodology aligns with how PCT is typically used for this purpose in LCWIPs, and the broader context of the document suggests its use as a 'predictive tool'.",,,Route Selection Tool (RST),,,,https://www.swindon.gov.uk/downloads/file/8394/swindon_local_cycling_and_walking_infrastructure_plan,ok
2026,Walking and cycling improvement plan,Three Rivers District Council,,East of England,LCWIP,2025-11-11,False,0.0,"{""pct"": 0, ""propensity_to_cycle_tool"": 0, ""pct_bike"": 0}",,,True,,False,False,,,,,,,,https://www.threerivers.gov.uk/news/lcwip-approved-herts-county-council,ok
2026,Thurrock Local Cycling + Walking Infrastructure Plan,Thurrock,,East of England,LCWIP,January 2025,True,3.0,"{""pct"": 0, ""propensity_to_cycle_tool"": 2, ""pct_bike"": 1}",,,True,Government Target,True,True,Used to model the potential for cycling to increase and identify areas/alignments with high potential for more cycling; specifically used to determine where an uplift in cycling levels would be concentrated and suggest locations for high-quality corridors.,"The plan outlines a prioritised list of interventions, influenced by the PCT data, to guide future investment.",The DfT’s Propensity to Cycle tool (www.pct.bike) provides a way to model the potential for cycling to increase.,Census 2011; Census 2021; Sport England's Active Lives Survey,,,,https://www.thurrock.gov.uk/sites/default/files/assets/documents/thurrock_local_cycling_and_walking_infrastructure_plan_january_2025-compressed.pdf,ok
2026,King’s Lynn Local Cycling and Walking Infrastructure Plan,Norfolk County Council and the Borough Council of King’s Lynn and West Norfolk,,East of England,LCWIP,February 2022,False,0.0,"{""pct"": 0, ""propensity_to_cycle_tool"": 0, ""pct_bike"": 0}",,,True,,False,False,The document mentions 'cycle propensity modelling' as one of the activities completed to create a cycle network plan. This directly refers to the use of a tool like the Propensity to Cycle Tool (PCT) to identify areas with potential for increased cycling based on existing data and future scenarios.,,,Census Data; Strava Metro Data (GPS); existing traffic count data; Walking Route Assessment Tool,,,,https://www.west-norfolk.gov.uk/download/downloads/id/8479/f67_-_local_cycling_and_walking_infrastructure_plan_lcwip.pdf,ok
2026,Local Cycling & Walking Infrastructure Plan (LCWIP),West Berkshire Council,,South East,LCWIP,January 2021,True,8.0,"{""pct"": 4, ""propensity_to_cycle_tool"": 3, ""pct_bike"": 1}",,,True,Go Dutch,True,True,"Used to forecast travel-to-work and school trips that could switch to cycling based on distance, topography, and e-bike potential; used specifically for identifying corridors with significant demand and growth potential.",The plan presents a prioritised list of strategic cycle routes for Newbury and Thatcham based on analysis including PCT data.,,Route Selection Tool (RST); Walking Route Audit Tool (WRAT),,,,https://www.westberks.gov.uk/media/50987/Local-Cycling-Walking-Infrastructure-Plan-LCWIP-June-2021/pdf/LCWIP_June_2021.pdf?m=1623079527393,ok
2026,West of England Local Cycling and Walking Infrastructure Plan 2020 – 2036,"Bath & North East Somerset, Bristol City, South Gloucestershire, North Somerset",West of England Combined Authority (WECA),South West,LCWIP,January 2021,False,0.0,"{""pct"": 0, ""propensity_to_cycle_tool"": 0, ""pct_bike"": 0}",,,True,,False,False,,,,DfT methodology; Census 2011 data,,411000000.0,55.0,https://www.westofengland-ca.gov.uk/wp-content/uploads/2021/09/West-of-England-Local-Cycling-and-Walking-Infrastructure-Plan-2020-2036.pdf,ok
2026,West Sussex Local Cycling and Walking Infrastructure Plan (LCWIP),West Sussex County Council,,South East,LCWIP,2022-07-26,True,1.0,"{""pct"": 0, ""propensity_to_cycle_tool"": 1, ""pct_bike"": 0}",,,True,,True,False,Used to form a general understanding of the current and future potential demand for journeys along each corridor; provided a useful validation exercise.,"The plan prioritises six key corridors for investment based on the analysis, which included PCT data.",,Sustrans 'Rate' Tool; Route Selection Tool (RST); GIS software,,,6.0,https://www.westsussex.gov.uk/media/chjdcz0u/local_cycling_and_walking_infrastructure_plan.pdf,ok
2026,Bradford Local Cycling and Walking Infrastructure Plan,City of Bradford Metropolitan District Council / West Yorkshire Combined Authority,West Yorkshire Combined Authority,,,2020-08-01,True,,,,,,,,,"The Propensity to Cycle Tool (PCT) was used to understand the latent demand for cycling across the district. It helped to identify key desire lines for journeys, which informed the development and mapping of the proposed primary cycle network.",The PCT analysis was a key evidence source that directly informed the identification and mapping of the core desire lines for cycling. This analysis formed the foundation for the proposed primary and secondary cycle routes presented in the plan's network maps.,,Department for Transport (DfT) LCWIP Technical Guidance; West Yorkshire Transport Strategy 2040; Bradford District Transport Strategy; Collision data (STATS19); Stakeholder engagement and public consultation,,,,https://www.westyorks-ca.gov.uk/media/3424/bradford-phase-one-lcwip-final.pdf,failed
2026,Wakefield Local Cycling and Walking Infrastructure Plan,Wakefield Council / West Yorkshire Combined Authority,West Yorkshire Combined Authority,,,2020-08-01,True,,,,,,,,,"The Propensity to Cycle Tool (PCT) was used to understand latent demand for cycling. It helped to identify key desire lines for cycle journeys between origins and destinations, which informed the development and mapping of the proposed cycle network.",The PCT analysis was a key evidence source that directly informed the identification and mapping of the core desire lines and the subsequent development of the primary and secondary cycle routes presented in the plan.,,Department for Transport (DfT) LCWIP Technical Guidance; West Yorkshire Transport Strategy 2040; Wakefield District Local Plan; Collision data (STATS19); Stakeholder engagement and public consultation,,,,https://www.westyorks-ca.gov.uk/media/3428/wakefield-phase-one-lcwip-final.pdf,failed
2026,Kirklees Local Cycling and Walking Infrastructure Plan,Kirklees Council / West Yorkshire Combined Authority,West Yorkshire Combined Authority,,,2020-08-01,True,,,,,,,,,"The Propensity to Cycle Tool (PCT) was used to understand the latent demand for cycling across the district. It helped to identify key desire lines for journeys, which informed the development and mapping of the proposed primary cycle network.",The PCT analysis was a key evidence source that directly informed the identification and mapping of the core desire lines for cycling. This analysis formed the foundation for the proposed primary and secondary cycle routes presented in the plan's network maps.,,Department for Transport (DfT) LCWIP Technical Guidance; West Yorkshire Transport Strategy 2040; Kirklees Local Plan; Collision data (STATS19); Stakeholder engagement and public consultation,,,,https://www.westyorks-ca.gov.uk/media/5792/kirklees-local-cycling-and-walking-infrastructure-plan.pdf,failed
2026,Leeds Local Cycling and Walking Infrastructure Plan,Leeds City Council / West Yorkshire Combined Authority,West Yorkshire Combined Authority,,,2022-10-01,True,,,,,,,,,"The Propensity to Cycle Tool (PCT) was used to identify key trip attractors and the origins of cycle journeys, building a picture of where cycling demand is likely to be greatest. This helped to identify desire lines which informed the development of the cycle network.",The PCT desire line analysis was a key input that directly informed the development of the primary and secondary cycle network maps presented in the plan. It helped to identify and prioritise the most strategic corridors for future investment.,,Department for Transport (DfT) LCWIP Technical Guidance; West Yorkshire Transport Strategy 2040; Leeds Transport Strategy; Connecting Leeds Transport Strategy; Collision data (STATS19); Stakeholder engagement and public consultation,,,,https://www.westyorks-ca.gov.uk/media/5793/leeds-local-cycling-and-walking-infrastructure-plan.pdf,failed
2026,Calderdale Local Cycling and Walking Infrastructure Plan,Calderdale Council / West Yorkshire Combined Authority,West Yorkshire Combined Authority,,,2020-08-01,True,,,,,,,,,"The Propensity to Cycle Tool (PCT) was used to understand the latent demand for cycling across the district. It helped to identify key desire lines for journeys, which informed the development and mapping of the proposed primary cycle network.",The PCT analysis was a key evidence source that directly informed the identification and mapping of the core desire lines for cycling. This analysis formed the foundation for the proposed primary and secondary cycle routes presented in the plan's network maps.,,Department for Transport (DfT) LCWIP Technical Guidance; West Yorkshire Transport Strategy 2040; Calderdale's Local Plan; Collision data (STATS19); Stakeholder engagement and public consultation,,,,https://www.westyorks-ca.gov.uk/media/5796/calderdale-local-cycling-and-walking-infrastructure-plan.pdf,failed
2026,Redditch Local Cycling and Walking Infrastructure Plan (LCWIP),Redditch,,West Midlands,LCWIP,2025,True,70.0,"{""pct"": 59, ""propensity_to_cycle_tool"": 11, ""pct_bike"": 0}",,,True,Government Target; Dutch,True,False,Used to identify potential cycling routes based on 2011 census data for travel-to-work analysis and to model school journey cycling likelihood based on distance and gradient.,"Identified potential for increased cycling among school children (e.g., identifying schools where 42 out of every 100 students could potentially cycle) and identified specific areas with high growth potential.",,DataShine Commute Tool; ArcGIS maps; Healthy streets baseline audit,87.0,,41.0,https://www.worcestershire.gov.uk/sites/default/files/2025-10/redditch_lcwip_final.pdf,ok
2026,Hull LCWIP (Consultation Draft June 2025),Hull,,Yorkshire and The Humber,LCWIP,June 2025,False,0.0,"{""pct"": 0, ""propensity_to_cycle_tool"": 0, ""pct_bike"": 0}",,,True,,False,False,The Propensity to Cycle Tool (PCT) was used to identify key trip attractors and desire lines for cycle journeys. This analysis of latent demand was a key input for developing the proposed primary and secondary cycle network.,The PCT analysis directly informed the identification and mapping of the proposed cycle network. The desire lines showing high potential for cycling growth were fundamental in shaping the routes chosen for the primary and secondary network.,,Department for Transport (DfT) LCWIP Technical Guidance; Collision data (STATS19); Stakeholder engagement and public consultation; Site audits; Cycle and pedestrian counters,,,,https://yoursay.hull.gov.uk/42351/widgets/125945/documents/85658,ok
existing94,Kendal Local Cycling and Walking Infrastructure Plan (LCWIP) 2022-2037,"Cumbria County Council, South Lakeland District Council, and Kendal Town Council [3]",,,,March 2022,True,,,,,,,,,The PCT was cited as a reference and used as a data source to identify the most popular cycle routes for both school and travel to work journeys within the district. [3],,,,,,,https://legacy.westmorlandandfurness.gov.uk/elibrary/Content/Internet/538/18110/38384/4474911322.pdf,ok
existing94,Buckinghamshire Local Cycling and Walking Infrastructure Plan,Buckinghamshire Council,,,,2023-11-01,True,,,,,,,,,The Propensity to Cycle Tool (PCT) was used to identify key trip attractors and desire lines for cycle journeys. This analysis of latent demand was a key input for developing the proposed cycle networks for the priority towns.,The PCT analysis directly informed the identification and mapping of the proposed cycle networks. The desire lines showing high potential for cycling growth were fundamental in shaping the routes chosen for the primary and secondary networks in each town.,,Department for Transport (DfT) LCWIP Technical Guidance; Collision data (STATS19); Stakeholder engagement and public consultation; Site audits; A bespoke Route Prioritisation Matrix,,,,https://www.buckinghamshire.gov.uk/documents/35977/Buckinghamshire_Local_Cycling_and_Walking_Infrastructure_Plan_LCWIP.pdf,ok
existing94,Portsmouth Local Cycling and Walking Infrastructure Plan,Portsmouth City Council,,,,2020-08-01,True,,,,,,,,,The Propensity to Cycle Tool (PCT) was used as a key evidence source to identify strategic desire lines for cycling. This analysis of latent demand helped to inform the development and mapping of the proposed primary and secondary cycle network.,The PCT analysis directly informed the identification and mapping of the proposed cycle network. The desire lines showing high potential for cycling growth were fundamental in shaping the routes chosen for the primary and secondary network.,,Department for Transport (DfT) LCWIP Technical Guidance; Collision data (STATS19); Stakeholder engagement and public consultation; Site audits; A bespoke Prioritisation Framework,,,,https://travel.portsmouth.gov.uk/wp-content/uploads/2020/08/LCWIP-Draft-for-consultation_web.pdf,ok
